SNP,CHR,POS,EA_Exposure,NEA_Exposure,EAFreq,Beta_Exposure,SE_Exposure,Outcome,EA_Outcome,NEA_Outcome,EAFreq_Outcome,Beta_Outcome,SE_Outcome,P_Outcome
6:39046196_TC_T,6,39046196,T,TC,0.0141304340213537,0.123391874134541,0.178736805915833,Adipose2,T,TC,0.0116676696982177,0.0142415233476145,0.0324487760385101,0.660741625986254
6:39046196_TC_T,6,39046196,T,TC,0.0141304340213537,0.123391874134541,0.178736805915833,Liver2,T,TC,0.0116676696982177,-0.0670798624580013,0.0294803374664164,0.0228861506523477
6:39046196_TC_T,6,39046196,T,TC,0.0141304340213537,0.123391874134541,0.178736805915833,Artery2,T,TC,0.0116676696982177,-0.0197216463097442,0.0263684427612424,0.454508764777406
6:39046196_TC_T,6,39046196,T,TC,0.0141304340213537,0.123391874134541,0.178736805915833,Brain2,T,TC,0.0116676696982177,-0.0153366933282103,0.0254295098797689,0.546441218289698
6:39046196_TC_T,6,39046196,T,TC,0.0141304340213537,0.123391874134541,0.178736805915833,glucose,T,TC,0.0116676696982177,0.0222666937209086,0.0350835337643651,0.525643239931274
6:39046196_TC_T,6,39046196,T,TC,0.0141304340213537,0.123391874134541,0.178736805915833,bmi,T,TC,0.0116676696982177,0.0239505875217906,0.0328484749551323,0.465930184178504
6:39046196_TC_T,6,39046196,T,TC,0.0141304340213537,0.123391874134541,0.178736805915833,Intestine2,T,TC,0.0116676696982177,-0.05052532218413,0.0285130160708023,0.0764000247984524
6:39046196_TC_T,6,39046196,T,TC,0.0141304340213537,0.123391874134541,0.178736805915833,hba1c,T,TC,0.0116676696982177,-0.0165182588739527,0.0323027994544956,0.609103887199439
6:39046196_TC_T,6,39046196,T,TC,0.0141304340213537,0.123391874134541,0.178736805915833,Kidney2,T,TC,0.0116676696982177,-0.029075488347624,0.0294191562150153,0.323002293894271
6:39046196_TC_T,6,39046196,T,TC,0.0141304340213537,0.123391874134541,0.178736805915833,Pituitary2,T,TC,0.0116676696982177,-0.0389335926037288,0.0314579173706679,0.215856040889238
6:39046196_TC_T,6,39046196,T,TC,0.0141304340213537,0.123391874134541,0.178736805915833,Muscle2,T,TC,0.0116676696982177,0.0312625566865093,0.0314615927130249,0.32038726223415
6:39046196_TC_T,6,39046196,T,TC,0.0141304340213537,0.123391874134541,0.178736805915833,Stomach2,T,TC,0.0116676696982177,0.0239282367268925,0.0313072192355258,0.444690156784689
6:39046196_TC_T,6,39046196,T,TC,0.0141304340213537,0.123391874134541,0.178736805915833,hps,T,TC,0.0116676696982177,-0.0348658369045102,0.0216156620216857,0.106754000723236
6:39046196_TC_T,6,39046196,T,TC,0.0141304340213537,0.123391874134541,0.178736805915833,Immune2,T,TC,0.0116676696982177,-0.0231538557734907,0.0287319696230899,0.420329754813004
6:39046196_TC_T,6,39046196,T,TC,0.0141304340213537,0.123391874134541,0.178736805915833,Heart2,T,TC,0.0116676696982177,0.00313320724407347,0.0322618701875374,0.922633158165785
6:39046196_TC_T,6,39046196,T,TC,0.0141304340213537,0.123391874134541,0.178736805915833,Thyroid2,T,TC,0.0116676696982177,-0.0361553912584007,0.0326976504905374,0.268841304040392
6:39046196_TC_T,6,39046196,T,TC,0.0141304340213537,0.123391874134541,0.178736805915833,Salivary2,T,TC,0.0116676696982177,-0.0591097146706815,0.0326014656510573,0.0698232708430357
6:39046196_TC_T,6,39046196,T,TC,0.0141304340213537,0.123391874134541,0.178736805915833,pac,T,TC,0.0116676696982177,-0.0226449707773522,0.0216988993013004,0.296676278258711
6:39046196_TC_T,6,39046196,T,TC,0.0141304340213537,0.123391874134541,0.178736805915833,Esophagus2,T,TC,0.0116676696982177,-0.0274511972946812,0.031017808074426,0.376153900514504
6:39046196_TC_T,6,39046196,T,TC,0.0141304340213537,0.123391874134541,0.178736805915833,Pancreas2,T,TC,0.0116676696982177,-0.00909642027028877,0.0304913398208896,0.765454258336995
6:39046196_TC_T,6,39046196,T,TC,0.0141304340213537,0.123391874134541,0.178736805915833,Conventional2,T,TC,0.0116676696982177,-0.0284068321397802,0.0226952012498139,0.210697967835899
6:39046196_TC_T,6,39046196,T,TC,0.0141304340213537,0.123391874134541,0.178736805915833,Skin2,T,TC,0.0116676696982177,-0.0304564933097716,0.0300265640467339,0.310436512839859
6:39046196_TC_T,6,39046196,T,TC,0.0141304340213537,0.123391874134541,0.178736805915833,Adrenal2,T,TC,0.0116676696982177,0.0273600004631277,0.0330855787157079,0.408271954163084
6:39046196_TC_T,6,39046196,T,TC,0.0141304340213537,0.123391874134541,0.178736805915833,Lung2,T,TC,0.0116676696982177,-0.00413462203956414,0.0307824700018003,0.893152195306604
6:39078464_AG_A,6,39078464,A,AG,0.188043475151062,-0.123323105275631,0.0503277108073235,Pituitary2,A,AG,0.214317666792505,-0.0128066317478578,0.00792185885577082,0.105967652771054
6:39078464_AG_A,6,39078464,A,AG,0.188043475151062,-0.123323105275631,0.0503277108073235,hba1c,A,AG,0.214317666792505,-0.0224589278847326,0.00817822080319808,0.00603181364831805
6:39078464_AG_A,6,39078464,A,AG,0.188043475151062,-0.123323105275631,0.0503277108073235,Thyroid2,A,AG,0.214317666792505,-0.00195137139384269,0.00823426526255422,0.812671983897087
6:39078464_AG_A,6,39078464,A,AG,0.188043475151062,-0.123323105275631,0.0503277108073235,Adrenal2,A,AG,0.214317666792505,-0.00685917336719276,0.00833184677465845,0.410371663909357
6:39078464_AG_A,6,39078464,A,AG,0.188043475151062,-0.123323105275631,0.0503277108073235,hps,A,AG,0.214317666792505,0.00193556812014602,0.00544356423024229,0.722164332098264
6:39078464_AG_A,6,39078464,A,AG,0.188043475151062,-0.123323105275631,0.0503277108073235,Muscle2,A,AG,0.214317666792505,-0.00349965281850718,0.00792295429860437,0.658700831392341
6:39078464_AG_A,6,39078464,A,AG,0.188043475151062,-0.123323105275631,0.0503277108073235,Conventional2,A,AG,0.214317666792505,-0.002411164769146,0.00571535812468104,0.673118582031215
6:39078464_AG_A,6,39078464,A,AG,0.188043475151062,-0.123323105275631,0.0503277108073235,Pancreas2,A,AG,0.214317666792505,-0.00288720950187099,0.0076785418651953,0.706911192916476
6:39078464_AG_A,6,39078464,A,AG,0.188043475151062,-0.123323105275631,0.0503277108073235,Kidney2,A,AG,0.214317666792505,-0.0142909661489575,0.00740830889067983,0.0537316622915212
6:39078464_AG_A,6,39078464,A,AG,0.188043475151062,-0.123323105275631,0.0503277108073235,Lung2,A,AG,0.214317666792505,0.008954806010364,0.00775174416553234,0.248015319611363
6:39078464_AG_A,6,39078464,A,AG,0.188043475151062,-0.123323105275631,0.0503277108073235,pac,A,AG,0.214317666792505,-0.00434392723984611,0.00546440003030912,0.426646646467057
6:39078464_AG_A,6,39078464,A,AG,0.188043475151062,-0.123323105275631,0.0503277108073235,Artery2,A,AG,0.214317666792505,-0.010713690065771,0.00664013384316744,0.106648568411872
6:39078464_AG_A,6,39078464,A,AG,0.188043475151062,-0.123323105275631,0.0503277108073235,Esophagus2,A,AG,0.214317666792505,0.000427387044915692,0.00781119520096273,0.956366024194112
6:39078464_AG_A,6,39078464,A,AG,0.188043475151062,-0.123323105275631,0.0503277108073235,glucose,A,AG,0.214317666792505,-0.00964218710789029,0.00881100585491071,0.273815233137449
6:39078464_AG_A,6,39078464,A,AG,0.188043475151062,-0.123323105275631,0.0503277108073235,Salivary2,A,AG,0.214317666792505,-0.0165999023084543,0.00820985814752299,0.0431878562307807
6:39078464_AG_A,6,39078464,A,AG,0.188043475151062,-0.123323105275631,0.0503277108073235,Liver2,A,AG,0.214317666792505,-0.00638259797590869,0.00742432571423451,0.389966195090139
6:39078464_AG_A,6,39078464,A,AG,0.188043475151062,-0.123323105275631,0.0503277108073235,Stomach2,A,AG,0.214317666792505,-0.00426321548057203,0.00788403335936801,0.588689273398163
6:39078464_AG_A,6,39078464,A,AG,0.188043475151062,-0.123323105275631,0.0503277108073235,Adipose2,A,AG,0.214317666792505,-0.00166246517308593,0.00817149614721659,0.838786729727986
6:39078464_AG_A,6,39078464,A,AG,0.188043475151062,-0.123323105275631,0.0503277108073235,bmi,A,AG,0.214317666792505,0.00330452706519103,0.00828241658955534,0.689909142855538
6:39078464_AG_A,6,39078464,A,AG,0.188043475151062,-0.123323105275631,0.0503277108073235,Brain2,A,AG,0.214317666792505,0.00799829050833018,0.00640375271852376,0.211671573349735
6:39078464_AG_A,6,39078464,A,AG,0.188043475151062,-0.123323105275631,0.0503277108073235,Skin2,A,AG,0.214317666792505,-0.00986055098524304,0.00756144519760192,0.192221223873781
6:39078464_AG_A,6,39078464,A,AG,0.188043475151062,-0.123323105275631,0.0503277108073235,Intestine2,A,AG,0.214317666792505,-0.0124550174546549,0.00718036166412337,0.0828196671474738
6:39078464_AG_A,6,39078464,A,AG,0.188043475151062,-0.123323105275631,0.0503277108073235,Heart2,A,AG,0.214317666792505,0.00389990226246176,0.00812439349530647,0.631212870691174
6:39078464_AG_A,6,39078464,A,AG,0.188043475151062,-0.123323105275631,0.0503277108073235,Immune2,A,AG,0.214317666792505,-0.00184786288995903,0.00723553769887055,0.798425346037412
rs10305439,6,39024716,A,C,0.388043463230133,0.272194355726242,0.0429338440299034,Stomach2,A,C,0.449106593909442,-0.000966856715734961,0.00646328298955059,0.88108705361211
rs10305439,6,39024716,A,C,0.388043463230133,0.272194355726242,0.0429338440299034,Esophagus2,A,C,0.449106593909442,0.00912652045015748,0.00640340228393683,0.154088871591667
rs10305439,6,39024716,A,C,0.388043463230133,0.272194355726242,0.0429338440299034,Immune2,A,C,0.449106593909442,-0.00402088334634735,0.00593160506557358,0.497854909476605
rs10305439,6,39024716,A,C,0.388043463230133,0.272194355726242,0.0429338440299034,Heart2,A,C,0.449106593909442,-0.00162568176048479,0.00666032121995003,0.807166454737046
rs10305439,6,39024716,A,C,0.388043463230133,0.272194355726242,0.0429338440299034,Muscle2,A,C,0.449106593909442,-0.00398273147446821,0.00649515662520319,0.539757329775232
rs10305439,6,39024716,A,C,0.388043463230133,0.272194355726242,0.0429338440299034,Adipose2,A,C,0.449106593909442,-0.00655212402882449,0.00669885238386673,0.328032017312585
rs10305439,6,39024716,A,C,0.388043463230133,0.272194355726242,0.0429338440299034,Thyroid2,A,C,0.449106593909442,-0.000938411748588028,0.00675038297749761,0.889438086811747
rs10305439,6,39024716,A,C,0.388043463230133,0.272194355726242,0.0429338440299034,Kidney2,A,C,0.449106593909442,-0.00637109377376135,0.00607345031378924,0.294180556593024
rs10305439,6,39024716,A,C,0.388043463230133,0.272194355726242,0.0429338440299034,Brain2,A,C,0.449106593909442,-0.0137939945287949,0.005249420564771,0.00859898912200227
rs10305439,6,39024716,A,C,0.388043463230133,0.272194355726242,0.0429338440299034,Lung2,A,C,0.449106593909442,-0.00902546609651358,0.00635476382563884,0.155536882860834
rs10305439,6,39024716,A,C,0.388043463230133,0.272194355726242,0.0429338440299034,hba1c,A,C,0.449106593909442,0.00115472289501228,0.00669659790760292,0.86309697782316
rs10305439,6,39024716,A,C,0.388043463230133,0.272194355726242,0.0429338440299034,hps,A,C,0.449106593909442,-0.00873622579251528,0.00446239806472724,0.050266605689264
rs10305439,6,39024716,A,C,0.388043463230133,0.272194355726242,0.0429338440299034,glucose,A,C,0.449106593909442,0.00132846070707056,0.00722338779782539,0.854084226693115
rs10305439,6,39024716,A,C,0.388043463230133,0.272194355726242,0.0429338440299034,Adrenal2,A,C,0.449106593909442,0.00563204129843952,0.00683037645104315,0.409627096380907
rs10305439,6,39024716,A,C,0.388043463230133,0.272194355726242,0.0429338440299034,Pancreas2,A,C,0.449106593909442,-0.00352673556239588,0.00629479042397362,0.575303215594445
rs10305439,6,39024716,A,C,0.388043463230133,0.272194355726242,0.0429338440299034,Liver2,A,C,0.449106593909442,-0.00147025278127022,0.0060864460398118,0.809120868485161
rs10305439,6,39024716,A,C,0.388043463230133,0.272194355726242,0.0429338440299034,Skin2,A,C,0.449106593909442,-0.000820592076644787,0.00619892739530481,0.894687141014798
rs10305439,6,39024716,A,C,0.388043463230133,0.272194355726242,0.0429338440299034,bmi,A,C,0.449106593909442,-0.00173613497586446,0.00678666965707477,0.798094549691585
rs10305439,6,39024716,A,C,0.388043463230133,0.272194355726242,0.0429338440299034,Pituitary2,A,C,0.449106593909442,0.00467119402292766,0.00649442781308419,0.471983457328002
rs10305439,6,39024716,A,C,0.388043463230133,0.272194355726242,0.0429338440299034,pac,A,C,0.449106593909442,-0.00822753877600406,0.00447952780705499,0.0662613122629199
rs10305439,6,39024716,A,C,0.388043463230133,0.272194355726242,0.0429338440299034,Artery2,A,C,0.449106593909442,-0.00215209275679047,0.00544367728091725,0.692595352492987
rs10305439,6,39024716,A,C,0.388043463230133,0.272194355726242,0.0429338440299034,Salivary2,A,C,0.449106593909442,0.00950572488041538,0.00673053262922413,0.157860300876973
rs10305439,6,39024716,A,C,0.388043463230133,0.272194355726242,0.0429338440299034,Conventional2,A,C,0.449106593909442,-0.00880271841054393,0.00468522191718327,0.060274859143771
rs10305439,6,39024716,A,C,0.388043463230133,0.272194355726242,0.0429338440299034,Intestine2,A,C,0.449106593909442,0.00328710093321839,0.00588658066169226,0.576570157285701
rs112347160,6,38948122,C,G,0.0184782594442368,0.287710875272751,0.154227197170258,Stomach2,C,G,0.03550640532409,0.013696897368062,0.017479682225255,0.433285202204839
rs112347160,6,38948122,C,G,0.0184782594442368,0.287710875272751,0.154227197170258,Pituitary2,C,G,0.03550640532409,0.00626604601987176,0.0175641094340079,0.721278562941657
rs112347160,6,38948122,C,G,0.0184782594442368,0.287710875272751,0.154227197170258,Skin2,C,G,0.03550640532409,0.017848267816863,0.0167646428412998,0.287045876494589
rs112347160,6,38948122,C,G,0.0184782594442368,0.287710875272751,0.154227197170258,Immune2,C,G,0.03550640532409,0.00629568340229329,0.0160419459054592,0.694726661960289
rs112347160,6,38948122,C,G,0.0184782594442368,0.287710875272751,0.154227197170258,Heart2,C,G,0.03550640532409,-0.0234962616909965,0.0180123474812924,0.192086027076529
rs112347160,6,38948122,C,G,0.0184782594442368,0.287710875272751,0.154227197170258,Liver2,C,G,0.03550640532409,0.0171375892292672,0.0164604604930374,0.297817877886644
rs112347160,6,38948122,C,G,0.0184782594442368,0.287710875272751,0.154227197170258,Lung2,C,G,0.03550640532409,-0.00538718019407267,0.0171866903798959,0.753939763872831
rs112347160,6,38948122,C,G,0.0184782594442368,0.287710875272751,0.154227197170258,hba1c,C,G,0.03550640532409,0.0468312420445927,0.0180956117559898,0.00965715668599156
rs112347160,6,38948122,C,G,0.0184782594442368,0.287710875272751,0.154227197170258,Intestine2,C,G,0.03550640532409,-0.00298722774936771,0.0159201727498161,0.851161386947815
rs112347160,6,38948122,C,G,0.0184782594442368,0.287710875272751,0.154227197170258,Pancreas2,C,G,0.03550640532409,0.0141329331126211,0.0170240431790011,0.40644444792943
rs112347160,6,38948122,C,G,0.0184782594442368,0.287710875272751,0.154227197170258,Brain2,C,G,0.03550640532409,-0.0122418334962296,0.0141979384675937,0.38856782722293
rs112347160,6,38948122,C,G,0.0184782594442368,0.287710875272751,0.154227197170258,Adipose2,C,G,0.03550640532409,-0.0147581012461804,0.0181169533593015,0.415304769312835
rs112347160,6,38948122,C,G,0.0184782594442368,0.287710875272751,0.154227197170258,bmi,C,G,0.03550640532409,-0.0108385633122686,0.0183613114154487,0.554996941801605
rs112347160,6,38948122,C,G,0.0184782594442368,0.287710875272751,0.154227197170258,Thyroid2,C,G,0.03550640532409,-0.0470381368687705,0.0182548729508917,0.00997682455336572
rs112347160,6,38948122,C,G,0.0184782594442368,0.287710875272751,0.154227197170258,glucose,C,G,0.03550640532409,0.00379992175254127,0.019526374352254,0.845703557970034
rs112347160,6,38948122,C,G,0.0184782594442368,0.287710875272751,0.154227197170258,pac,C,G,0.03550640532409,-0.0113966333559832,0.0121151251865572,0.346866565966643
rs112347160,6,38948122,C,G,0.0184782594442368,0.287710875272751,0.154227197170258,Esophagus2,C,G,0.03550640532409,0.00994297781181431,0.0173181918231892,0.56587949402314
rs112347160,6,38948122,C,G,0.0184782594442368,0.287710875272751,0.154227197170258,Adrenal2,C,G,0.03550640532409,0.00813880768787451,0.0184726991074467,0.659515112594608
rs112347160,6,38948122,C,G,0.0184782594442368,0.287710875272751,0.154227197170258,hps,C,G,0.03550640532409,-0.00771699799067117,0.0120689260508529,0.522559275047334
rs112347160,6,38948122,C,G,0.0184782594442368,0.287710875272751,0.154227197170258,Artery2,C,G,0.03550640532409,0.000971369426435151,0.0147223259213896,0.947394571507453
rs112347160,6,38948122,C,G,0.0184782594442368,0.287710875272751,0.154227197170258,Muscle2,C,G,0.03550640532409,-0.0156807141597065,0.0175659174835919,0.372034366353567
rs112347160,6,38948122,C,G,0.0184782594442368,0.287710875272751,0.154227197170258,Conventional2,C,G,0.03550640532409,-0.0013486370241375,0.0126715854028718,0.915241668433314
rs112347160,6,38948122,C,G,0.0184782594442368,0.287710875272751,0.154227197170258,Salivary2,C,G,0.03550640532409,-0.0126110990493405,0.0182028866029493,0.488433954452476
rs112347160,6,38948122,C,G,0.0184782594442368,0.287710875272751,0.154227197170258,Kidney2,C,G,0.03550640532409,-0.00867114847802736,0.0164256615020851,0.597569660461075
rs114984503,6,38993395,A,C,0.0554347783327103,0.364660620689392,0.0841897279024124,Salivary2,A,C,0.0667055620381175,0.0233434971030126,0.0132909452896598,0.0790363714548449
rs114984503,6,38993395,A,C,0.0554347783327103,0.364660620689392,0.0841897279024124,Conventional2,A,C,0.0667055620381175,0.00329279484065438,0.00925249658625315,0.721930828563094
rs114984503,6,38993395,A,C,0.0554347783327103,0.364660620689392,0.0841897279024124,Intestine2,A,C,0.0667055620381175,0.0144613405989085,0.0116243535650934,0.213485823596213
rs114984503,6,38993395,A,C,0.0554347783327103,0.364660620689392,0.0841897279024124,Liver2,A,C,0.0667055620381175,0.00874079197074211,0.012019137157433,0.467083114915374
rs114984503,6,38993395,A,C,0.0554347783327103,0.364660620689392,0.0841897279024124,Brain2,A,C,0.0667055620381175,0.00756931241204391,0.010367042686667,0.465313252302566
rs114984503,6,38993395,A,C,0.0554347783327103,0.364660620689392,0.0841897279024124,Kidney2,A,C,0.0667055620381175,-0.00288557398834229,0.0119936816684996,0.809873117962691
rs114984503,6,38993395,A,C,0.0554347783327103,0.364660620689392,0.0841897279024124,bmi,A,C,0.0667055620381175,-0.00121655226816093,0.0133989792182829,0.927656378287808
rs114984503,6,38993395,A,C,0.0554347783327103,0.364660620689392,0.0841897279024124,Adrenal2,A,C,0.0667055620381175,-0.00919328232225112,0.0134883107856794,0.495511954452781
rs114984503,6,38993395,A,C,0.0554347783327103,0.364660620689392,0.0841897279024124,Esophagus2,A,C,0.0667055620381175,0.00826652443914754,0.0126453429395091,0.513295102878944
rs114984503,6,38993395,A,C,0.0554347783327103,0.364660620689392,0.0841897279024124,Immune2,A,C,0.0667055620381175,-0.0139969881070614,0.0117133000405685,0.232107040424339
rs114984503,6,38993395,A,C,0.0554347783327103,0.364660620689392,0.0841897279024124,hps,A,C,0.0667055620381175,-0.000366287395783221,0.0088125014480705,0.966846047365328
rs114984503,6,38993395,A,C,0.0554347783327103,0.364660620689392,0.0841897279024124,glucose,A,C,0.0667055620381175,-0.0288349261284603,0.0142664160380206,0.0432685985697732
rs114984503,6,38993395,A,C,0.0554347783327103,0.364660620689392,0.0841897279024124,Artery2,A,C,0.0667055620381175,-0.00969272329101811,0.0107498142681942,0.36724021602471
rs114984503,6,38993395,A,C,0.0554347783327103,0.364660620689392,0.0841897279024124,Skin2,A,C,0.0667055620381175,0.0041611181708279,0.0122413105623337,0.733915216738605
rs114984503,6,38993395,A,C,0.0554347783327103,0.364660620689392,0.0841897279024124,Lung2,A,C,0.0667055620381175,-0.0121480598328415,0.0125492171974981,0.333033109604215
rs114984503,6,38993395,A,C,0.0554347783327103,0.364660620689392,0.0841897279024124,Pancreas2,A,C,0.0667055620381175,-0.0109923270421852,0.012430563106848,0.376540018829085
rs114984503,6,38993395,A,C,0.0554347783327103,0.364660620689392,0.0841897279024124,Pituitary2,A,C,0.0667055620381175,0.00798389522361788,0.0128248824316336,0.533595587708392
rs114984503,6,38993395,A,C,0.0554347783327103,0.364660620689392,0.0841897279024124,Muscle2,A,C,0.0667055620381175,-0.00923235982668943,0.0128262817440377,0.471651888212808
rs114984503,6,38993395,A,C,0.0554347783327103,0.364660620689392,0.0841897279024124,Stomach2,A,C,0.0667055620381175,0.0127900192669649,0.0127632167770957,0.316300857637851
rs114984503,6,38993395,A,C,0.0554347783327103,0.364660620689392,0.0841897279024124,hba1c,A,C,0.0667055620381175,-0.000366106879072143,0.0132202811698637,0.977907282080323
rs114984503,6,38993395,A,C,0.0554347783327103,0.364660620689392,0.0841897279024124,Adipose2,A,C,0.0667055620381175,0.0145827901938247,0.013228511413396,0.270304421641369
rs114984503,6,38993395,A,C,0.0554347783327103,0.364660620689392,0.0841897279024124,Thyroid2,A,C,0.0667055620381175,-0.00775276399834828,0.013330261879967,0.560845021909833
rs114984503,6,38993395,A,C,0.0554347783327103,0.364660620689392,0.0841897279024124,pac,A,C,0.0667055620381175,0.000804014542002506,0.00884628271443853,0.92758257696244
rs114984503,6,38993395,A,C,0.0554347783327103,0.364660620689392,0.0841897279024124,Heart2,A,C,0.0667055620381175,0.0140864481885036,0.0131522975025096,0.284163805644844
rs115178735,6,38938439,T,A,0.0413043461740017,-0.20948538184166,0.100698992609978,Muscle2,T,A,0.0501837773011188,-0.0055841181746784,0.0147037600830924,0.704114404061405
rs115178735,6,38938439,T,A,0.0413043461740017,-0.20948538184166,0.100698992609978,Artery2,T,A,0.0501837773011188,-0.0054148482659372,0.0123233793034782,0.660376521520365
rs115178735,6,38938439,T,A,0.0413043461740017,-0.20948538184166,0.100698992609978,pac,T,A,0.0501837773011188,-0.00255950423940136,0.0101411291442414,0.800741985573779
rs115178735,6,38938439,T,A,0.0413043461740017,-0.20948538184166,0.100698992609978,hps,T,A,0.0501837773011188,-0.00854688887256568,0.0101023271130829,0.397539699735905
rs115178735,6,38938439,T,A,0.0413043461740017,-0.20948538184166,0.100698992609978,Brain2,T,A,0.0501837773011188,-0.00641247371771556,0.0118845259564706,0.589499839698439
rs115178735,6,38938439,T,A,0.0413043461740017,-0.20948538184166,0.100698992609978,bmi,T,A,0.0501837773011188,0.00774728061238124,0.0153630517151647,0.614067141748515
rs115178735,6,38938439,T,A,0.0413043461740017,-0.20948538184166,0.100698992609978,Adrenal2,T,A,0.0501837773011188,-0.0213841350965377,0.0154623728548639,0.166678409107824
rs115178735,6,38938439,T,A,0.0413043461740017,-0.20948538184166,0.100698992609978,Thyroid2,T,A,0.0501837773011188,-0.00351300641285482,0.0152814960698369,0.81818120744445
rs115178735,6,38938439,T,A,0.0413043461740017,-0.20948538184166,0.100698992609978,Intestine2,T,A,0.0501837773011188,0.0147749845906687,0.0133258882614716,0.267547193008112
rs115178735,6,38938439,T,A,0.0413043461740017,-0.20948538184166,0.100698992609978,Pituitary2,T,A,0.0501837773011188,0.00382207350148232,0.0147021468711045,0.794890428275735
rs115178735,6,38938439,T,A,0.0413043461740017,-0.20948538184166,0.100698992609978,Esophagus2,T,A,0.0501837773011188,0.0149924845446167,0.0144961673455739,0.301030720840223
rs115178735,6,38938439,T,A,0.0413043461740017,-0.20948538184166,0.100698992609978,Lung2,T,A,0.0501837773011188,0.00348298168981958,0.0143862226067424,0.808699656689435
rs115178735,6,38938439,T,A,0.0413043461740017,-0.20948538184166,0.100698992609978,Stomach2,T,A,0.0501837773011188,-0.00552802346468498,0.0146315454654671,0.705569554683282
rs115178735,6,38938439,T,A,0.0413043461740017,-0.20948538184166,0.100698992609978,Adipose2,T,A,0.0501837773011188,-0.00437255799179829,0.0151649986840508,0.773093800772899
rs115178735,6,38938439,T,A,0.0413043461740017,-0.20948538184166,0.100698992609978,Liver2,T,A,0.0501837773011188,0.0162532569536462,0.0137782727667852,0.238154029344829
rs115178735,6,38938439,T,A,0.0413043461740017,-0.20948538184166,0.100698992609978,Conventional2,T,A,0.0501837773011188,-0.00144853848075918,0.0106068211151906,0.89137393429007
rs115178735,6,38938439,T,A,0.0413043461740017,-0.20948538184166,0.100698992609978,hba1c,T,A,0.0501837773011188,-0.0332892908011835,0.0151501064246353,0.0280046859792498
rs115178735,6,38938439,T,A,0.0413043461740017,-0.20948538184166,0.100698992609978,Kidney2,T,A,0.0501837773011188,-0.011442443534014,0.0137491274412281,0.405283386340647
rs115178735,6,38938439,T,A,0.0413043461740017,-0.20948538184166,0.100698992609978,Skin2,T,A,0.0501837773011188,0.0146126525987163,0.0140329466985286,0.297737297868358
rs115178735,6,38938439,T,A,0.0413043461740017,-0.20948538184166,0.100698992609978,glucose,T,A,0.0501837773011188,0.0024871991257462,0.0162954892002223,0.878689971658056
rs115178735,6,38938439,T,A,0.0413043461740017,-0.20948538184166,0.100698992609978,Salivary2,T,A,0.0501837773011188,-0.00440659699124751,0.0152368979676852,0.772425380074496
rs115178735,6,38938439,T,A,0.0413043461740017,-0.20948538184166,0.100698992609978,Heart2,T,A,0.0501837773011188,0.00579890862899269,0.0150776050831559,0.700532633028303
rs115178735,6,38938439,T,A,0.0413043461740017,-0.20948538184166,0.100698992609978,Immune2,T,A,0.0501837773011188,0.0109876872198815,0.0134279220430394,0.413206582963852
rs115178735,6,38938439,T,A,0.0413043461740017,-0.20948538184166,0.100698992609978,Pancreas2,T,A,0.0501837773011188,0.00651535392898686,0.0142501496237281,0.64752021491286
rs115738454,6,39140787,A,G,0.0206521730870008,-0.0927535146474838,0.146043285727501,Pituitary2,A,G,0.0257185892648775,0.00224389393662457,0.0204648356010298,0.912690376692577
rs115738454,6,39140787,A,G,0.0206521730870008,-0.0927535146474838,0.146043285727501,Artery2,A,G,0.0257185892648775,-0.0264381979396099,0.017153241273378,0.123252347504434
rs115738454,6,39140787,A,G,0.0206521730870008,-0.0927535146474838,0.146043285727501,pac,A,G,0.0257185892648775,-0.022634653582547,0.014115656403276,0.108828434542432
rs115738454,6,39140787,A,G,0.0206521730870008,-0.0927535146474838,0.146043285727501,Adipose2,A,G,0.0257185892648775,-0.00909656838414146,0.0211090697218441,0.666520121655
rs115738454,6,39140787,A,G,0.0206521730870008,-0.0927535146474838,0.146043285727501,Conventional2,A,G,0.0257185892648775,-0.0322265327115013,0.0147634849112258,0.0290518646937943
rs115738454,6,39140787,A,G,0.0206521730870008,-0.0927535146474838,0.146043285727501,Brain2,A,G,0.0257185892648775,-0.0311041159325025,0.0165421885635498,0.0600751775767719
rs115738454,6,39140787,A,G,0.0206521730870008,-0.0927535146474838,0.146043285727501,Heart2,A,G,0.0257185892648775,0.0039879407351697,0.0209874728246413,0.849298031852929
rs115738454,6,39140787,A,G,0.0206521730870008,-0.0927535146474838,0.146043285727501,Immune2,A,G,0.0257185892648775,-0.0224669173020206,0.0186909848453923,0.229362714886607
rs115738454,6,39140787,A,G,0.0206521730870008,-0.0927535146474838,0.146043285727501,Skin2,A,G,0.0257185892648775,-0.0450337579958581,0.0195323759244177,0.0211379052061092
rs115738454,6,39140787,A,G,0.0206521730870008,-0.0927535146474838,0.146043285727501,Pancreas2,A,G,0.0257185892648775,-0.0361860477589712,0.0198349518097289,0.0681048334167349
rs115738454,6,39140787,A,G,0.0206521730870008,-0.0927535146474838,0.146043285727501,Esophagus2,A,G,0.0257185892648775,-0.0203572361630741,0.0201781189818604,0.313039308575577
rs115738454,6,39140787,A,G,0.0206521730870008,-0.0927535146474838,0.146043285727501,Liver2,A,G,0.0257185892648775,-0.0415525052786446,0.0191781005438766,0.030265849637831
rs115738454,6,39140787,A,G,0.0206521730870008,-0.0927535146474838,0.146043285727501,Stomach2,A,G,0.0257185892648775,-0.00854204479538523,0.0203665404200277,0.674914486216712
rs115738454,6,39140787,A,G,0.0206521730870008,-0.0927535146474838,0.146043285727501,Lung2,A,G,0.0257185892648775,-0.0394744036753893,0.020024191103299,0.0486917854179211
rs115738454,6,39140787,A,G,0.0206521730870008,-0.0927535146474838,0.146043285727501,bmi,A,G,0.0257185892648775,0.00561224024230415,0.0213716498719403,0.792858520439896
rs115738454,6,39140787,A,G,0.0206521730870008,-0.0927535146474838,0.146043285727501,Adrenal2,A,G,0.0257185892648775,-0.0136828423657817,0.021523399439754,0.524962665472674
rs115738454,6,39140787,A,G,0.0206521730870008,-0.0927535146474838,0.146043285727501,hba1c,A,G,0.0257185892648775,0.0154067319047807,0.0210582207221576,0.464401271901858
rs115738454,6,39140787,A,G,0.0206521730870008,-0.0927535146474838,0.146043285727501,Muscle2,A,G,0.0257185892648775,-0.0164832320408335,0.0204669499852331,0.420617218017259
rs115738454,6,39140787,A,G,0.0206521730870008,-0.0927535146474838,0.146043285727501,Salivary2,A,G,0.0257185892648775,0.00968629590271142,0.0212091452100816,0.647886273899124
rs115738454,6,39140787,A,G,0.0206521730870008,-0.0927535146474838,0.146043285727501,glucose,A,G,0.0257185892648775,0.026041454204897,0.022734631922298,0.252028701079377
rs115738454,6,39140787,A,G,0.0206521730870008,-0.0927535146474838,0.146043285727501,Kidney2,A,G,0.0257185892648775,0.00505986046807558,0.0191383926033854,0.791486265374426
rs115738454,6,39140787,A,G,0.0206521730870008,-0.0927535146474838,0.146043285727501,Thyroid2,A,G,0.0257185892648775,0.000732432291984027,0.0212712669514769,0.972532072760143
rs115738454,6,39140787,A,G,0.0206521730870008,-0.0927535146474838,0.146043285727501,hps,A,G,0.0257185892648775,-0.0226483384537914,0.0140617482655962,0.107266609008174
rs115738454,6,39140787,A,G,0.0206521730870008,-0.0927535146474838,0.146043285727501,Intestine2,A,G,0.0257185892648775,-0.00371184211466056,0.0185493760195789,0.841398583718344
rs12199414,6,39035645,T,C,0.0717391297221184,0.179732039570808,0.0802187621593475,Esophagus2,T,C,0.0891733589585192,0.00506787211199097,0.0111296659927536,0.648861099530558
rs12199414,6,39035645,T,C,0.0717391297221184,0.179732039570808,0.0802187621593475,Immune2,T,C,0.0891733589585192,0.00029021860639055,0.0103094806221464,0.977542123782318
rs12199414,6,39035645,T,C,0.0717391297221184,0.179732039570808,0.0802187621593475,Liver2,T,C,0.0891733589585192,0.00467586981977026,0.010578531278717,0.658480517563566
rs12199414,6,39035645,T,C,0.0717391297221184,0.179732039570808,0.0802187621593475,Adipose2,T,C,0.0891733589585192,-0.014242647764076,0.0116428688291852,0.221225393839734
rs12199414,6,39035645,T,C,0.0717391297221184,0.179732039570808,0.0802187621593475,Conventional2,T,C,0.0891733589585192,-0.0073041961538908,0.00814340417833368,0.369752520537726
rs12199414,6,39035645,T,C,0.0717391297221184,0.179732039570808,0.0802187621593475,bmi,T,C,0.0891733589585192,-0.00148138991061351,0.0117989545624179,0.900086632833514
rs12199414,6,39035645,T,C,0.0717391297221184,0.179732039570808,0.0802187621593475,Kidney2,T,C,0.0891733589585192,0.000183944961893061,0.0105560935368046,0.986097264343611
rs12199414,6,39035645,T,C,0.0717391297221184,0.179732039570808,0.0802187621593475,glucose,T,C,0.0891733589585192,-0.000769815639386626,0.0125869157159243,0.951232113577902
rs12199414,6,39035645,T,C,0.0717391297221184,0.179732039570808,0.0802187621593475,Brain2,T,C,0.0891733589585192,-0.00974974668349555,0.00912435738611273,0.285282611889739
rs12199414,6,39035645,T,C,0.0717391297221184,0.179732039570808,0.0802187621593475,Adrenal2,T,C,0.0891733589585192,0.00104170136627797,0.0118716274786324,0.93007805339458
rs12199414,6,39035645,T,C,0.0717391297221184,0.179732039570808,0.0802187621593475,Salivary2,T,C,0.0891733589585192,0.0227854833127339,0.0116977617264937,0.0514393284450124
rs12199414,6,39035645,T,C,0.0717391297221184,0.179732039570808,0.0802187621593475,Muscle2,T,C,0.0891733589585192,0.00410616568385947,0.011288938803569,0.716058754402716
rs12199414,6,39035645,T,C,0.0717391297221184,0.179732039570808,0.0802187621593475,Pituitary2,T,C,0.0891733589585192,0.00511182561757326,0.0112876809434067,0.650646290623759
rs12199414,6,39035645,T,C,0.0717391297221184,0.179732039570808,0.0802187621593475,Heart2,T,C,0.0891733589585192,0.0163867523253825,0.0115757140854887,0.15689543990762
rs12199414,6,39035645,T,C,0.0717391297221184,0.179732039570808,0.0802187621593475,Thyroid2,T,C,0.0891733589585192,0.0109609494309408,0.0117323889055996,0.350181646705781
rs12199414,6,39035645,T,C,0.0717391297221184,0.179732039570808,0.0802187621593475,pac,T,C,0.0891733589585192,-0.00226884326596794,0.00778593653877308,0.770744700088856
rs12199414,6,39035645,T,C,0.0717391297221184,0.179732039570808,0.0802187621593475,hps,T,C,0.0891733589585192,0.00048350327856825,0.00775621102466171,0.950294302350197
rs12199414,6,39035645,T,C,0.0717391297221184,0.179732039570808,0.0802187621593475,hba1c,T,C,0.0891733589585192,0.010046559788422,0.0116436632395834,0.388233172344293
rs12199414,6,39035645,T,C,0.0717391297221184,0.179732039570808,0.0802187621593475,Intestine2,T,C,0.0891733589585192,0.0218666771072279,0.0102306735110065,0.0325739011801027
rs12199414,6,39035645,T,C,0.0717391297221184,0.179732039570808,0.0802187621593475,Artery2,T,C,0.0891733589585192,0.0133545280622396,0.00946118480084113,0.158102309960016
rs12199414,6,39035645,T,C,0.0717391297221184,0.179732039570808,0.0802187621593475,Skin2,T,C,0.0891733589585192,0.0107363696140648,0.0107739258179383,0.319005910260015
rs12199414,6,39035645,T,C,0.0717391297221184,0.179732039570808,0.0802187621593475,Pancreas2,T,C,0.0891733589585192,-0.00174319933525626,0.0109406969564451,0.873408319969104
rs12199414,6,39035645,T,C,0.0717391297221184,0.179732039570808,0.0802187621593475,Lung2,T,C,0.0891733589585192,-0.0115479354614666,0.0110450143966443,0.295782128756859
rs12199414,6,39035645,T,C,0.0717391297221184,0.179732039570808,0.0802187621593475,Stomach2,T,C,0.0891733589585192,0.00680611011972345,0.0112334650340198,0.544598869921634
rs13203863,6,38952721,A,G,0.027173912152648,-0.2214375436306,0.129881680011749,Artery2,A,G,0.0270710447754364,-0.0100099824510537,0.0169087099763966,0.553852616209325
rs13203863,6,38952721,A,G,0.027173912152648,-0.2214375436306,0.129881680011749,hps,A,G,0.0270710447754364,-0.00547319121542279,0.0138613538637344,0.692953621750999
rs13203863,6,38952721,A,G,0.027173912152648,-0.2214375436306,0.129881680011749,Pancreas2,A,G,0.0270710447754364,0.0413876816904268,0.0195514798663551,0.0342776453828226
rs13203863,6,38952721,A,G,0.027173912152648,-0.2214375436306,0.129881680011749,Pituitary2,A,G,0.0270710447754364,0.00462694277375083,0.020172618379788,0.818584378215823
rs13203863,6,38952721,A,G,0.027173912152648,-0.2214375436306,0.129881680011749,Conventional2,A,G,0.0270710447754364,-0.00388668196311202,0.0145534656142606,0.789422456286239
rs13203863,6,38952721,A,G,0.027173912152648,-0.2214375436306,0.129881680011749,Thyroid2,A,G,0.0270710447754364,0.00602938705421197,0.0209675248856221,0.773686187324755
rs13203863,6,38952721,A,G,0.027173912152648,-0.2214375436306,0.129881680011749,Esophagus2,A,G,0.0270710447754364,0.00555396969715153,0.019890218949434,0.780068723327245
rs13203863,6,38952721,A,G,0.027173912152648,-0.2214375436306,0.129881680011749,Intestine2,A,G,0.0270710447754364,0.00264444010333123,0.0182845221245687,0.885005850241973
rs13203863,6,38952721,A,G,0.027173912152648,-0.2214375436306,0.129881680011749,Stomach2,A,G,0.0270710447754364,0.0160865413359911,0.0200756289826729,0.42296408301366
rs13203863,6,38952721,A,G,0.027173912152648,-0.2214375436306,0.129881680011749,Kidney2,A,G,0.0270710447754364,0.0079213695114249,0.0188651014398063,0.674563925412919
rs13203863,6,38952721,A,G,0.027173912152648,-0.2214375436306,0.129881680011749,hba1c,A,G,0.0270710447754364,0.00957502873191517,0.0207604230830908,0.644646413788385
rs13203863,6,38952721,A,G,0.027173912152648,-0.2214375436306,0.129881680011749,Muscle2,A,G,0.0270710447754364,-0.00186918762148211,0.0201748597064015,0.926182562131937
rs13203863,6,38952721,A,G,0.027173912152648,-0.2214375436306,0.129881680011749,Lung2,A,G,0.0270710447754364,-0.00420291157369056,0.0197391425544385,0.831388247882313
rs13203863,6,38952721,A,G,0.027173912152648,-0.2214375436306,0.129881680011749,Skin2,A,G,0.0270710447754364,-0.0066933687471058,0.0192546268011371,0.72812431822992
rs13203863,6,38952721,A,G,0.027173912152648,-0.2214375436306,0.129881680011749,Immune2,A,G,0.0270710447754364,0.012920090290471,0.0184243059298376,0.483149196403202
rs13203863,6,38952721,A,G,0.027173912152648,-0.2214375436306,0.129881680011749,Liver2,A,G,0.0270710447754364,-0.00613836555749053,0.018905258119988,0.745416565692419
rs13203863,6,38952721,A,G,0.027173912152648,-0.2214375436306,0.129881680011749,Adrenal2,A,G,0.0270710447754364,-0.00920503686113039,0.0212161292656817,0.664385164261227
rs13203863,6,38952721,A,G,0.027173912152648,-0.2214375436306,0.129881680011749,Adipose2,A,G,0.0270710447754364,0.0171198473653846,0.0208075461775457,0.410642672422499
rs13203863,6,38952721,A,G,0.027173912152648,-0.2214375436306,0.129881680011749,pac,A,G,0.0270710447754364,0.00434001054633816,0.0139144994456279,0.755113741253116
rs13203863,6,38952721,A,G,0.027173912152648,-0.2214375436306,0.129881680011749,Heart2,A,G,0.0270710447754364,0.0305838557013691,0.020687293607183,0.139311046753869
rs13203863,6,38952721,A,G,0.027173912152648,-0.2214375436306,0.129881680011749,Salivary2,A,G,0.0270710447754364,-0.0193329979859082,0.0209061550171202,0.355100296851791
rs13203863,6,38952721,A,G,0.027173912152648,-0.2214375436306,0.129881680011749,Brain2,A,G,0.0270710447754364,-0.0171161359662178,0.016306444478597,0.293882707335763
rs13203863,6,38952721,A,G,0.027173912152648,-0.2214375436306,0.129881680011749,bmi,A,G,0.0270710447754364,0.00539476879974376,0.0210992654894044,0.798195173274143
rs13203863,6,38952721,A,G,0.027173912152648,-0.2214375436306,0.129881680011749,glucose,A,G,0.0270710447754364,-0.0110475534963698,0.0224337195016421,0.622401939656348
rs148605442,6,39019291,A,G,0.0326086953282356,-0.0976191759109497,0.119202166795731,Kidney2,A,G,0.0310534927357174,0.0206135749042176,0.0177040310815048,0.244291160323835
rs148605442,6,39019291,A,G,0.0326086953282356,-0.0976191759109497,0.119202166795731,glucose,A,G,0.0310534927357174,0.00130100755251891,0.0209344880955992,0.950446401409374
rs148605442,6,39019291,A,G,0.0326086953282356,-0.0976191759109497,0.119202166795731,Skin2,A,G,0.0310534927357174,-0.00790943430113025,0.018069811983301,0.66159479544371
rs148605442,6,39019291,A,G,0.0326086953282356,-0.0976191759109497,0.119202166795731,hps,A,G,0.0310534927357174,0.0107181229660178,0.0130083415555226,0.409976836895088
rs148605442,6,39019291,A,G,0.0326086953282356,-0.0976191759109497,0.119202166795731,Pituitary2,A,G,0.0310534927357174,-0.00840292974828886,0.0189312998822683,0.657142834486189
rs148605442,6,39019291,A,G,0.0326086953282356,-0.0976191759109497,0.119202166795731,bmi,A,G,0.0310534927357174,-0.00212499884334171,0.0197887681894208,0.91448477167427
rs148605442,6,39019291,A,G,0.0326086953282356,-0.0976191759109497,0.119202166795731,Lung2,A,G,0.0310534927357174,0.0196386552743104,0.0185242998806311,0.289079308207198
rs148605442,6,39019291,A,G,0.0326086953282356,-0.0976191759109497,0.119202166795731,Esophagus2,A,G,0.0310534927357174,-0.01018479466038,0.0186662617592575,0.585325947244127
rs148605442,6,39019291,A,G,0.0326086953282356,-0.0976191759109497,0.119202166795731,Brain2,A,G,0.0310534927357174,0.0228575417228691,0.0153028578371613,0.135267028843854
rs148605442,6,39019291,A,G,0.0326086953282356,-0.0976191759109497,0.119202166795731,pac,A,G,0.0310534927357174,0.00416855083770802,0.0130582940767413,0.749556444829829
rs148605442,6,39019291,A,G,0.0326086953282356,-0.0976191759109497,0.119202166795731,Stomach2,A,G,0.0310534927357174,-0.0196938696590064,0.0188402126967422,0.29588533050894
rs148605442,6,39019291,A,G,0.0326086953282356,-0.0976191759109497,0.119202166795731,Liver2,A,G,0.0310534927357174,-0.0080653668540898,0.0177419351775058,0.64940403339293
rs148605442,6,39019291,A,G,0.0326086953282356,-0.0976191759109497,0.119202166795731,Immune2,A,G,0.0310534927357174,0.00801181165518631,0.0172906529221931,0.643108043155032
rs148605442,6,39019291,A,G,0.0326086953282356,-0.0976191759109497,0.119202166795731,Intestine2,A,G,0.0310534927357174,-0.00565356150171185,0.0171593984434112,0.741799645066833
rs148605442,6,39019291,A,G,0.0326086953282356,-0.0976191759109497,0.119202166795731,Artery2,A,G,0.0310534927357174,-0.00070021762801536,0.0158683250152573,0.964803570920917
rs148605442,6,39019291,A,G,0.0326086953282356,-0.0976191759109497,0.119202166795731,Adrenal2,A,G,0.0310534927357174,-0.00727598717482977,0.0199106438778466,0.714790698371633
rs148605442,6,39019291,A,G,0.0326086953282356,-0.0976191759109497,0.119202166795731,Thyroid2,A,G,0.0310534927357174,-0.00456853519482703,0.0196773309567262,0.81640512052827
rs148605442,6,39019291,A,G,0.0326086953282356,-0.0976191759109497,0.119202166795731,Conventional2,A,G,0.0310534927357174,0.00946358352430628,0.013657879363963,0.488374204456459
rs148605442,6,39019291,A,G,0.0326086953282356,-0.0976191759109497,0.119202166795731,hba1c,A,G,0.0310534927357174,-0.0322622057619895,0.0194767051061962,0.097638062565789
rs148605442,6,39019291,A,G,0.0326086953282356,-0.0976191759109497,0.119202166795731,Salivary2,A,G,0.0310534927357174,-0.0211611148678797,0.0196196617119528,0.280786862496328
rs148605442,6,39019291,A,G,0.0326086953282356,-0.0976191759109497,0.119202166795731,Heart2,A,G,0.0310534927357174,-0.0293426337299302,0.0194143148225457,0.130695922173755
rs148605442,6,39019291,A,G,0.0326086953282356,-0.0976191759109497,0.119202166795731,Muscle2,A,G,0.0310534927357174,-0.0103224427879352,0.0189333720346456,0.585619903901816
rs148605442,6,39019291,A,G,0.0326086953282356,-0.0976191759109497,0.119202166795731,Pancreas2,A,G,0.0310534927357174,-0.0192515778048558,0.0183491230836601,0.294099960381251
rs148605442,6,39019291,A,G,0.0326086953282356,-0.0976191759109497,0.119202166795731,Adipose2,A,G,0.0310534927357174,-0.0192021777767981,0.0195271249670839,0.325436133676394
rs149096878,6,39127216,T,C,0.0369565188884735,-0.106062270700932,0.112630657851696,Pituitary2,T,C,0.0295522755393873,0.000617624242956929,0.0193333529055724,0.974515221338966
rs149096878,6,39127216,T,C,0.0369565188884735,-0.106062270700932,0.112630657851696,Adipose2,T,C,0.0295522755393873,0.0141023673676443,0.0199418936330206,0.479462789793185
rs149096878,6,39127216,T,C,0.0369565188884735,-0.106062270700932,0.112630657851696,Conventional2,T,C,0.0295522755393873,-0.00451037206450652,0.0139479669054873,0.746415616672493
rs149096878,6,39127216,T,C,0.0369565188884735,-0.106062270700932,0.112630657851696,hps,T,C,0.0295522755393873,-0.00494980556812937,0.0132846581997259,0.709451234351961
rs149096878,6,39127216,T,C,0.0369565188884735,-0.106062270700932,0.112630657851696,Immune2,T,C,0.0295522755393873,0.0124157823937505,0.0176577666225963,0.481975768828211
rs149096878,6,39127216,T,C,0.0369565188884735,-0.106062270700932,0.112630657851696,Heart2,T,C,0.0295522755393873,-0.0192846304368082,0.0198268850229699,0.330732399172686
rs149096878,6,39127216,T,C,0.0369565188884735,-0.106062270700932,0.112630657851696,Intestine2,T,C,0.0295522755393873,-0.0259814409465342,0.0175233623867878,0.138168149836434
rs149096878,6,39127216,T,C,0.0369565188884735,-0.106062270700932,0.112630657851696,Thyroid2,T,C,0.0295522755393873,0.0109881052114473,0.0200951263633158,0.584515854330633
rs149096878,6,39127216,T,C,0.0369565188884735,-0.106062270700932,0.112630657851696,Kidney2,T,C,0.0295522755393873,-0.0155341398273654,0.0180801072209986,0.390243692971872
rs149096878,6,39127216,T,C,0.0369565188884735,-0.106062270700932,0.112630657851696,Salivary2,T,C,0.0295522755393873,-0.00720890716929758,0.0200365259147652,0.71900720822638
rs149096878,6,39127216,T,C,0.0369565188884735,-0.106062270700932,0.112630657851696,bmi,T,C,0.0295522755393873,0.0222916224829483,0.0201952838656619,0.269684543452549
rs149096878,6,39127216,T,C,0.0369565188884735,-0.106062270700932,0.112630657851696,Liver2,T,C,0.0295522755393873,-0.0103045149752772,0.0181186642419469,0.569546539392973
rs149096878,6,39127216,T,C,0.0369565188884735,-0.106062270700932,0.112630657851696,pac,T,C,0.0295522755393873,-0.00667230118783285,0.0133355667185545,0.616839072042309
rs149096878,6,39127216,T,C,0.0369565188884735,-0.106062270700932,0.112630657851696,Brain2,T,C,0.0295522755393873,-0.00995351740413595,0.0156281433143083,0.52419528170872
rs149096878,6,39127216,T,C,0.0369565188884735,-0.106062270700932,0.112630657851696,hba1c,T,C,0.0295522755393873,-0.00567487242861437,0.019908339025504,0.775607236182222
rs149096878,6,39127216,T,C,0.0369565188884735,-0.106062270700932,0.112630657851696,glucose,T,C,0.0295522755393873,-0.0375293869059175,0.0213376739465123,0.0786140336373195
rs149096878,6,39127216,T,C,0.0369565188884735,-0.106062270700932,0.112630657851696,Lung2,T,C,0.0295522755393873,-0.0135646852859762,0.0189177988324578,0.473357592785074
rs149096878,6,39127216,T,C,0.0369565188884735,-0.106062270700932,0.112630657851696,Stomach2,T,C,0.0295522755393873,-0.0216666620122376,0.0192402494735452,0.260124604153633
rs149096878,6,39127216,T,C,0.0369565188884735,-0.106062270700932,0.112630657851696,Pancreas2,T,C,0.0295522755393873,-0.0305220608868694,0.0187384372381933,0.103352467899108
rs149096878,6,39127216,T,C,0.0369565188884735,-0.106062270700932,0.112630657851696,Esophagus2,T,C,0.0295522755393873,-0.00713208406705175,0.0190626776938303,0.708302997181947
rs149096878,6,39127216,T,C,0.0369565188884735,-0.106062270700932,0.112630657851696,Muscle2,T,C,0.0295522755393873,0.0392390248093174,0.0193345801717828,0.0424160986961992
rs149096878,6,39127216,T,C,0.0369565188884735,-0.106062270700932,0.112630657851696,Skin2,T,C,0.0295522755393873,-0.0136748585014474,0.0184534522818555,0.458669482911034
rs149096878,6,39127216,T,C,0.0369565188884735,-0.106062270700932,0.112630657851696,Artery2,T,C,0.0295522755393873,0.0114412930358268,0.0162051997573561,0.480175707424293
rs149096878,6,39127216,T,C,0.0369565188884735,-0.106062270700932,0.112630657851696,Adrenal2,T,C,0.0295522755393873,0.00800074063384332,0.020333445136929,0.693969213841597
rs34137062,6,39114475,T,C,0.0217391289770603,-0.107487224042416,0.142930775880814,Intestine2,T,C,0.0284608696204269,-0.0254671580905052,0.0176869120220515,0.149906481959721
rs34137062,6,39114475,T,C,0.0217391289770603,-0.107487224042416,0.142930775880814,Lung2,T,C,0.0284608696204269,0.00418068385686439,0.0190944376146804,0.826691784405078
rs34137062,6,39114475,T,C,0.0217391289770603,-0.107487224042416,0.142930775880814,Pancreas2,T,C,0.0284608696204269,0.0120147414954935,0.0189137872812222,0.525277043803993
rs34137062,6,39114475,T,C,0.0217391289770603,-0.107487224042416,0.142930775880814,Artery2,T,C,0.0284608696204269,0.014352818599116,0.0163563724410721,0.380216565377423
rs34137062,6,39114475,T,C,0.0217391289770603,-0.107487224042416,0.142930775880814,glucose,T,C,0.0284608696204269,0.00946783028454233,0.0216440732352498,0.661799884453431
rs34137062,6,39114475,T,C,0.0217391289770603,-0.107487224042416,0.142930775880814,Salivary2,T,C,0.0284608696204269,-0.0424372637041708,0.0202225134120426,0.0358653322604448
rs34137062,6,39114475,T,C,0.0217391289770603,-0.107487224042416,0.142930775880814,Pituitary2,T,C,0.0284608696204269,-0.0107744190715335,0.0195136998305226,0.580850879584763
rs34137062,6,39114475,T,C,0.0217391289770603,-0.107487224042416,0.142930775880814,Muscle2,T,C,0.0284608696204269,0.018744532788768,0.0195157201709044,0.336817102782332
rs34137062,6,39114475,T,C,0.0217391289770603,-0.107487224042416,0.142930775880814,Thyroid2,T,C,0.0284608696204269,0.00578961783877294,0.020282700336426,0.775303741387885
rs34137062,6,39114475,T,C,0.0217391289770603,-0.107487224042416,0.142930775880814,bmi,T,C,0.0284608696204269,-0.0147863552128745,0.020392487751415,0.468401731832325
rs34137062,6,39114475,T,C,0.0217391289770603,-0.107487224042416,0.142930775880814,Conventional2,T,C,0.0284608696204269,-0.0190272601888355,0.0140778489481164,0.176518502932926
rs34137062,6,39114475,T,C,0.0217391289770603,-0.107487224042416,0.142930775880814,Adipose2,T,C,0.0284608696204269,-0.0185527325804465,0.0201279066777348,0.356668370223067
rs34137062,6,39114475,T,C,0.0217391289770603,-0.107487224042416,0.142930775880814,Skin2,T,C,0.0284608696204269,-0.0149632436879525,0.0186256354956218,0.421766306627274
rs34137062,6,39114475,T,C,0.0217391289770603,-0.107487224042416,0.142930775880814,Adrenal2,T,C,0.0284608696204269,-0.00983824308514328,0.0205231749549253,0.631676142965129
rs34137062,6,39114475,T,C,0.0217391289770603,-0.107487224042416,0.142930775880814,Brain2,T,C,0.0284608696204269,-0.0203663737950198,0.0157737541546252,0.196656497433503
rs34137062,6,39114475,T,C,0.0217391289770603,-0.107487224042416,0.142930775880814,Heart2,T,C,0.0284608696204269,0.0587058042469322,0.0200101511197355,0.00335012652378244
rs34137062,6,39114475,T,C,0.0217391289770603,-0.107487224042416,0.142930775880814,Esophagus2,T,C,0.0284608696204269,-0.0191260726009551,0.019240379835173,0.320199652987547
rs34137062,6,39114475,T,C,0.0217391289770603,-0.107487224042416,0.142930775880814,pac,T,C,0.0284608696204269,-0.00711197431164564,0.0134600069748064,0.597239545997208
rs34137062,6,39114475,T,C,0.0217391289770603,-0.107487224042416,0.142930775880814,Kidney2,T,C,0.0284608696204269,-0.0208460136376418,0.0182487086256997,0.253323902619591
rs34137062,6,39114475,T,C,0.0217391289770603,-0.107487224042416,0.142930775880814,Stomach2,T,C,0.0284608696204269,-0.0336300593299223,0.0194194107797537,0.0833206045277448
rs34137062,6,39114475,T,C,0.0217391289770603,-0.107487224042416,0.142930775880814,Immune2,T,C,0.0284608696204269,-0.0207531767671763,0.0178223694695712,0.244249901966288
rs34137062,6,39114475,T,C,0.0217391289770603,-0.107487224042416,0.142930775880814,hps,T,C,0.0284608696204269,-0.0100815804307338,0.0134085623893031,0.452129495082311
rs34137062,6,39114475,T,C,0.0217391289770603,-0.107487224042416,0.142930775880814,Liver2,T,C,0.0284608696204269,-0.00650383839915447,0.0182877850209938,0.722113107565068
rs34137062,6,39114475,T,C,0.0217391289770603,-0.107487224042416,0.142930775880814,hba1c,T,C,0.0284608696204269,0.0171463948566213,0.0201116437793976,0.393907922046772
rs59965024,6,39059179,GA,G,0.67391300201416,-0.222502931952477,0.0428577400743961,Pancreas2,GA,G,0.595282665682843,-0.000953701218660821,0.00640880600686794,0.881703409551979
rs59965024,6,39059179,GA,G,0.67391300201416,-0.222502931952477,0.0428577400743961,Artery2,GA,G,0.595282665682843,0.00129633289282319,0.00554226485481947,0.815064109246686
rs59965024,6,39059179,GA,G,0.67391300201416,-0.222502931952477,0.0428577400743961,glucose,GA,G,0.595282665682843,0.00913352597147975,0.00735763327922859,0.214477690169616
rs59965024,6,39059179,GA,G,0.67391300201416,-0.222502931952477,0.0428577400743961,Conventional2,GA,G,0.595282665682843,0.0051651950564535,0.00477019664586738,0.278900749412214
rs59965024,6,39059179,GA,G,0.67391300201416,-0.222502931952477,0.0428577400743961,bmi,GA,G,0.595282665682843,0.00164140695479886,0.00690892363402359,0.812209680225489
rs59965024,6,39059179,GA,G,0.67391300201416,-0.222502931952477,0.0428577400743961,pac,GA,G,0.595282665682843,0.00149513173605352,0.00456081932705848,0.743048681237258
rs59965024,6,39059179,GA,G,0.67391300201416,-0.222502931952477,0.0428577400743961,Heart2,GA,G,0.595282665682843,-0.00760697778667615,0.00678084187471736,0.261939265985743
rs59965024,6,39059179,GA,G,0.67391300201416,-0.222502931952477,0.0428577400743961,Skin2,GA,G,0.595282665682843,0.00154149763166331,0.00631118252675093,0.807039419544146
rs59965024,6,39059179,GA,G,0.67391300201416,-0.222502931952477,0.0428577400743961,Intestine2,GA,G,0.595282665682843,-0.00121626486645846,0.0059932010196876,0.839182267617918
rs59965024,6,39059179,GA,G,0.67391300201416,-0.222502931952477,0.0428577400743961,Muscle2,GA,G,0.595282665682843,-0.00360641019771515,0.00661278524634497,0.58550232023024
rs59965024,6,39059179,GA,G,0.67391300201416,-0.222502931952477,0.0428577400743961,Adipose2,GA,G,0.595282665682843,0.006297913586393,0.00682017195874269,0.355791150825782
rs59965024,6,39059179,GA,G,0.67391300201416,-0.222502931952477,0.0428577400743961,Brain2,GA,G,0.595282665682843,0.00665139302399029,0.00534481141443923,0.213337743927783
rs59965024,6,39059179,GA,G,0.67391300201416,-0.222502931952477,0.0428577400743961,Salivary2,GA,G,0.595282665682843,-0.00717933039223319,0.00685248813561848,0.294784084232793
rs59965024,6,39059179,GA,G,0.67391300201416,-0.222502931952477,0.0428577400743961,hps,GA,G,0.595282665682843,0.00240263203823556,0.00454339365151954,0.596933832010098
rs59965024,6,39059179,GA,G,0.67391300201416,-0.222502931952477,0.0428577400743961,Esophagus2,GA,G,0.595282665682843,0.000156880091009448,0.00651951486072088,0.980802343432524
rs59965024,6,39059179,GA,G,0.67391300201416,-0.222502931952477,0.0428577400743961,Kidney2,GA,G,0.595282665682843,0.00218371568917378,0.00618350522899427,0.723976382324546
rs59965024,6,39059179,GA,G,0.67391300201416,-0.222502931952477,0.0428577400743961,Thyroid2,GA,G,0.595282665682843,-0.00728701924727255,0.00687254072158612,0.289009744034573
rs59965024,6,39059179,GA,G,0.67391300201416,-0.222502931952477,0.0428577400743961,Pituitary2,GA,G,0.595282665682843,-0.00394880410848528,0.00661204944788184,0.550368051348477
rs59965024,6,39059179,GA,G,0.67391300201416,-0.222502931952477,0.0428577400743961,Stomach2,GA,G,0.595282665682843,-0.0111177556241585,0.00658011517930598,0.0911118435005098
rs59965024,6,39059179,GA,G,0.67391300201416,-0.222502931952477,0.0428577400743961,Immune2,GA,G,0.595282665682843,0.0042572446098842,0.00603901963438117,0.480841223417526
rs59965024,6,39059179,GA,G,0.67391300201416,-0.222502931952477,0.0428577400743961,Lung2,GA,G,0.595282665682843,0.0116521559931282,0.00646975328328385,0.0717065975455847
rs59965024,6,39059179,GA,G,0.67391300201416,-0.222502931952477,0.0428577400743961,Adrenal2,GA,G,0.595282665682843,-0.00265092816283878,0.00695411226160504,0.703054508088031
rs59965024,6,39059179,GA,G,0.67391300201416,-0.222502931952477,0.0428577400743961,Liver2,GA,G,0.595282665682843,0.00620233534842922,0.00619660035152795,0.31686836712805
rs59965024,6,39059179,GA,G,0.67391300201416,-0.222502931952477,0.0428577400743961,hba1c,GA,G,0.595282665682843,-0.0040506310123393,0.00681597728319862,0.552324934032228
rs6921666,6,38958572,G,A,0.384782582521439,-0.0987204536795616,0.040869265794754,Skin2,G,A,0.409596928318118,-0.00175995903113983,0.00622379185563179,0.777347421030929
rs6921666,6,38958572,G,A,0.384782582521439,-0.0987204536795616,0.040869265794754,Esophagus2,G,A,0.409596928318118,0.00260769723466828,0.00642922885361404,0.685038285000785
rs6921666,6,38958572,G,A,0.384782582521439,-0.0987204536795616,0.040869265794754,Lung2,G,A,0.409596928318118,0.00128310022618248,0.00638040224552565,0.840621154545404
rs6921666,6,38958572,G,A,0.384782582521439,-0.0987204536795616,0.040869265794754,hps,G,A,0.409596928318118,-0.00613014681082292,0.00448040087449216,0.171252163780939
rs6921666,6,38958572,G,A,0.384782582521439,-0.0987204536795616,0.040869265794754,Artery2,G,A,0.409596928318118,-0.00181503565238136,0.00546551914759395,0.739824082209971
rs6921666,6,38958572,G,A,0.384782582521439,-0.0987204536795616,0.040869265794754,Heart2,G,A,0.409596928318118,-0.00538463780400896,0.00668699609111482,0.420685487530933
rs6921666,6,38958572,G,A,0.384782582521439,-0.0987204536795616,0.040869265794754,hba1c,G,A,0.409596928318118,0.00853055855849112,0.00672113316429376,0.204371712659605
rs6921666,6,38958572,G,A,0.384782582521439,-0.0987204536795616,0.040869265794754,pac,G,A,0.409596928318118,-0.00646793220474435,0.00449756599305441,0.150413945594782
rs6921666,6,38958572,G,A,0.384782582521439,-0.0987204536795616,0.040869265794754,Conventional2,G,A,0.409596928318118,-0.00806746631974766,0.00470404981974301,0.0863515039496297
rs6921666,6,38958572,G,A,0.384782582521439,-0.0987204536795616,0.040869265794754,bmi,G,A,0.409596928318118,-0.007148724762052,0.00681870007231033,0.294460202012273
rs6921666,6,38958572,G,A,0.384782582521439,-0.0987204536795616,0.040869265794754,Salivary2,G,A,0.409596928318118,-0.00617968747590873,0.00675762381390521,0.360471621314466
rs6921666,6,38958572,G,A,0.384782582521439,-0.0987204536795616,0.040869265794754,Thyroid2,G,A,0.409596928318118,1.06767212193692e-05,0.00677746571774589,0.99874307903442
rs6921666,6,38958572,G,A,0.384782582521439,-0.0987204536795616,0.040869265794754,Pituitary2,G,A,0.409596928318118,-0.00542861614373536,0.00652046909371905,0.405103153205279
rs6921666,6,38958572,G,A,0.384782582521439,-0.0987204536795616,0.040869265794754,Liver2,G,A,0.409596928318118,-0.0125233953964391,0.00611057406364469,0.0404228207534945
rs6921666,6,38958572,G,A,0.384782582521439,-0.0987204536795616,0.040869265794754,Intestine2,G,A,0.409596928318118,-0.0102884320964677,0.00591001262303965,0.0817173111418839
rs6921666,6,38958572,G,A,0.384782582521439,-0.0987204536795616,0.040869265794754,Stomach2,G,A,0.409596928318118,0.00132598464653459,0.00648921100218448,0.838091261778234
rs6921666,6,38958572,G,A,0.384782582521439,-0.0987204536795616,0.040869265794754,Immune2,G,A,0.409596928318118,-0.000887778142548698,0.00595543132947936,0.881498821657423
rs6921666,6,38958572,G,A,0.384782582521439,-0.0987204536795616,0.040869265794754,Adrenal2,G,A,0.409596928318118,0.00785407695827712,0.00685772903040017,0.252096016040642
rs6921666,6,38958572,G,A,0.384782582521439,-0.0987204536795616,0.040869265794754,Muscle2,G,A,0.409596928318118,-0.00333567251619401,0.00652122248136746,0.608996357700672
rs6921666,6,38958572,G,A,0.384782582521439,-0.0987204536795616,0.040869265794754,Kidney2,G,A,0.409596928318118,0.00337574849981656,0.00609787123396923,0.579859165046452
rs6921666,6,38958572,G,A,0.384782582521439,-0.0987204536795616,0.040869265794754,Adipose2,G,A,0.409596928318118,-0.00395711287090409,0.00672577388395027,0.556300052576347
rs6921666,6,38958572,G,A,0.384782582521439,-0.0987204536795616,0.040869265794754,Brain2,G,A,0.409596928318118,-0.00683655420530932,0.00527079520310462,0.194616310007363
rs6921666,6,38958572,G,A,0.384782582521439,-0.0987204536795616,0.040869265794754,Pancreas2,G,A,0.409596928318118,-0.0026325646444979,0.0063200540690737,0.677015870838895
rs6921666,6,38958572,G,A,0.384782582521439,-0.0987204536795616,0.040869265794754,glucose,G,A,0.409596928318118,0.00670737221553695,0.00725266353282565,0.355067978974602
rs6926138,6,39138337,C,T,0.413043469190598,0.0439595356583595,0.0444707572460175,Thyroid2,C,T,0.376154311037134,-0.001987143591623,0.00688002724393469,0.772714476206626
rs6926138,6,39138337,C,T,0.413043469190598,0.0439595356583595,0.0444707572460175,Immune2,C,T,0.376154311037134,-0.00340390189077061,0.00604553861140478,0.573408076765642
rs6926138,6,39138337,C,T,0.413043469190598,0.0439595356583595,0.0444707572460175,glucose,C,T,0.376154311037134,-0.00339925964372257,0.00735940133393469,0.644160327295673
rs6926138,6,39138337,C,T,0.413043469190598,0.0439595356583595,0.0444707572460175,Liver2,C,T,0.376154311037134,0.00276706169046986,0.00620333365421669,0.655555803941485
rs6926138,6,39138337,C,T,0.413043469190598,0.0439595356583595,0.0444707572460175,Pituitary2,C,T,0.376154311037134,-0.00393517599621595,0.00661917361034393,0.552173013734342
rs6926138,6,39138337,C,T,0.413043469190598,0.0439595356583595,0.0444707572460175,Muscle2,C,T,0.376154311037134,0.00401321309373898,0.00661990464777972,0.544362345357497
rs6926138,6,39138337,C,T,0.413043469190598,0.0439595356583595,0.0444707572460175,Conventional2,C,T,0.376154311037134,-0.00120904778888233,0.00477539669456924,0.800128232108199
rs6926138,6,39138337,C,T,0.413043469190598,0.0439595356583595,0.0444707572460175,pac,C,T,0.376154311037134,0.00121833510510795,0.00456573511498352,0.789591194784106
rs6926138,6,39138337,C,T,0.413043469190598,0.0439595356583595,0.0444707572460175,Artery2,C,T,0.376154311037134,0.00130101902323663,0.00554823615423543,0.81460385779308
rs6926138,6,39138337,C,T,0.413043469190598,0.0439595356583595,0.0444707572460175,Pancreas2,C,T,0.376154311037134,-0.00513100972849011,0.00641566561360624,0.423852675169522
rs6926138,6,39138337,C,T,0.413043469190598,0.0439595356583595,0.0444707572460175,Skin2,C,T,0.376154311037134,0.00363548009662899,0.00631796266080389,0.565010456079802
rs6926138,6,39138337,C,T,0.413043469190598,0.0439595356583595,0.0444707572460175,Lung2,C,T,0.376154311037134,0.00317159602192468,0.00647694652723081,0.624366656181713
rs6926138,6,39138337,C,T,0.413043469190598,0.0439595356583595,0.0444707572460175,Adipose2,C,T,0.376154311037134,0.00226920212449386,0.006827578104979,0.739620330825654
rs6926138,6,39138337,C,T,0.413043469190598,0.0439595356583595,0.0444707572460175,Salivary2,C,T,0.376154311037134,-0.0033778232498355,0.0068599382420526,0.622440138847222
rs6926138,6,39138337,C,T,0.413043469190598,0.0439595356583595,0.0444707572460175,Intestine2,C,T,0.376154311037134,-0.000693403583795764,0.00599966009254647,0.907990850420716
rs6926138,6,39138337,C,T,0.413043469190598,0.0439595356583595,0.0444707572460175,hba1c,C,T,0.376154311037134,0.00314488776568828,0.00682828199439114,0.645111019541075
rs6926138,6,39138337,C,T,0.413043469190598,0.0439595356583595,0.0444707572460175,Adrenal2,C,T,0.376154311037134,-0.00228469553520185,0.00696160771993836,0.742773328064783
rs6926138,6,39138337,C,T,0.413043469190598,0.0439595356583595,0.0444707572460175,hps,C,T,0.376154311037134,-0.00452406497905488,0.00454825182909622,0.31989637963579
rs6926138,6,39138337,C,T,0.413043469190598,0.0439595356583595,0.0444707572460175,Heart2,C,T,0.376154311037134,0.00558184908629321,0.00678819289016495,0.410917531380171
rs6926138,6,39138337,C,T,0.413043469190598,0.0439595356583595,0.0444707572460175,Stomach2,C,T,0.376154311037134,-0.00683361170717734,0.00658733875982462,0.299561833243918
rs6926138,6,39138337,C,T,0.413043469190598,0.0439595356583595,0.0444707572460175,bmi,C,T,0.376154311037134,-0.00364050621226397,0.00692021655094913,0.598843468003378
rs6926138,6,39138337,C,T,0.413043469190598,0.0439595356583595,0.0444707572460175,Kidney2,C,T,0.376154311037134,-0.00871822427906243,0.00619003574640917,0.159011268072948
rs6926138,6,39138337,C,T,0.413043469190598,0.0439595356583595,0.0444707572460175,Esophagus2,C,T,0.376154311037134,0.0024618351652213,0.00652652849761323,0.706023554176335
rs6926138,6,39138337,C,T,0.413043469190598,0.0439595356583595,0.0444707572460175,Brain2,C,T,0.376154311037134,0.00468551492265941,0.00535061786321427,0.381200107846962
rs874900,6,39032537,G,A,0.0771739110350609,-0.328181862831116,0.0780950859189034,Salivary2,G,A,0.042472221040108,-0.0178220655968079,0.0165812176951672,0.282454746134175
rs874900,6,39032537,G,A,0.0771739110350609,-0.328181862831116,0.0780950859189034,Stomach2,G,A,0.042472221040108,-0.00421851415896369,0.0159226646870831,0.791058705179249
rs874900,6,39032537,G,A,0.0771739110350609,-0.328181862831116,0.0780950859189034,glucose,G,A,0.042472221040108,0.000220662561784059,0.0177546490445539,0.990083861127975
rs874900,6,39032537,G,A,0.0771739110350609,-0.328181862831116,0.0780950859189034,Esophagus2,G,A,0.042472221040108,0.0179836372249035,0.0157752859043879,0.254297533969617
rs874900,6,39032537,G,A,0.0771739110350609,-0.328181862831116,0.0780950859189034,Thyroid2,G,A,0.042472221040108,0.00216605338288535,0.016629961360121,0.896369193253297
rs874900,6,39032537,G,A,0.0771739110350609,-0.328181862831116,0.0780950859189034,Adipose2,G,A,0.042472221040108,0.00161279847131664,0.0165031911666135,0.922149951396115
rs874900,6,39032537,G,A,0.0771739110350609,-0.328181862831116,0.0780950859189034,Lung2,G,A,0.042472221040108,0.019566660451626,0.0156554116565953,0.211367011811236
rs874900,6,39032537,G,A,0.0771739110350609,-0.328181862831116,0.0780950859189034,hba1c,G,A,0.042472221040108,-0.00657711533176323,0.0164532503956179,0.689345909925219
rs874900,6,39032537,G,A,0.0771739110350609,-0.328181862831116,0.0780950859189034,Skin2,G,A,0.042472221040108,-0.0135394889705114,0.0152712837157357,0.375300273089471
rs874900,6,39032537,G,A,0.0771739110350609,-0.328181862831116,0.0780950859189034,Kidney2,G,A,0.042472221040108,0.0219081047580868,0.0149621192607428,0.14313610394504
rs874900,6,39032537,G,A,0.0771739110350609,-0.328181862831116,0.0780950859189034,pac,G,A,0.042472221040108,0.00496352504078758,0.0110359776515352,0.652886797053154
rs874900,6,39032537,G,A,0.0771739110350609,-0.328181862831116,0.0780950859189034,Immune2,G,A,0.042472221040108,0.00773055001373642,0.0146128839653749,0.596792263001631
rs874900,6,39032537,G,A,0.0771739110350609,-0.328181862831116,0.0780950859189034,Muscle2,G,A,0.042472221040108,0.00740669878706972,0.0160012255696448,0.643450382424677
rs874900,6,39032537,G,A,0.0771739110350609,-0.328181862831116,0.0780950859189034,Conventional2,G,A,0.042472221040108,0.0076043553816085,0.0115427255039485,0.510027243910642
rs874900,6,39032537,G,A,0.0771739110350609,-0.328181862831116,0.0780950859189034,Liver2,G,A,0.042472221040108,-0.00800456716572261,0.0149942747774505,0.593453867210785
rs874900,6,39032537,G,A,0.0771739110350609,-0.328181862831116,0.0780950859189034,Intestine2,G,A,0.042472221040108,0.00903130294966902,0.0145019210712413,0.53344157386281
rs874900,6,39032537,G,A,0.0771739110350609,-0.328181862831116,0.0780950859189034,Brain2,G,A,0.042472221040108,0.00547606860943643,0.012933248051259,0.671998118495837
rs874900,6,39032537,G,A,0.0771739110350609,-0.328181862831116,0.0780950859189034,Heart2,G,A,0.042472221040108,0.00646041975595282,0.016408070612821,0.693779156173213
rs874900,6,39032537,G,A,0.0771739110350609,-0.328181862831116,0.0780950859189034,hps,G,A,0.042472221040108,0.00761638474841937,0.0109937988494625,0.488445553652091
rs874900,6,39032537,G,A,0.0771739110350609,-0.328181862831116,0.0780950859189034,Artery2,G,A,0.042472221040108,-0.00484237363966186,0.0134108194366253,0.718041670664731
rs874900,6,39032537,G,A,0.0771739110350609,-0.328181862831116,0.0780950859189034,bmi,G,A,0.042472221040108,0.000953264463516669,0.0167279807160688,0.954556430215717
rs874900,6,39032537,G,A,0.0771739110350609,-0.328181862831116,0.0780950859189034,Pancreas2,G,A,0.042472221040108,-0.0125350316314827,0.0155075219225509,0.418911108099171
rs874900,6,39032537,G,A,0.0771739110350609,-0.328181862831116,0.0780950859189034,Pituitary2,G,A,0.042472221040108,0.00559530125112409,0.0159994728107493,0.726552140926416
rs874900,6,39032537,G,A,0.0771739110350609,-0.328181862831116,0.0780950859189034,Adrenal2,G,A,0.042472221040108,-0.0243089685417347,0.0168267585274799,0.148560188129817
rs9283907,6,39026703,G,A,0.863043427467346,0.154707461595535,0.0598678290843964,Adipose2,G,A,0.854663833367653,-0.00820233060784416,0.00935171871154231,0.380440740597701
rs9283907,6,39026703,G,A,0.863043427467346,0.154707461595535,0.0598678290843964,Conventional2,G,A,0.854663833367653,-0.0117866961286526,0.00654066139541396,0.0715420897246765
rs9283907,6,39026703,G,A,0.863043427467346,0.154707461595535,0.0598678290843964,Kidney2,G,A,0.854663833367653,-0.0209537668496258,0.00847814211430289,0.0134583666155419
rs9283907,6,39026703,G,A,0.863043427467346,0.154707461595535,0.0598678290843964,hps,G,A,0.854663833367653,-0.00273089097437116,0.0062298343300714,0.661129739194263
rs9283907,6,39026703,G,A,0.863043427467346,0.154707461595535,0.0598678290843964,Esophagus2,G,A,0.854663833367653,-0.00795596114808781,0.00893937265035765,0.37347562235429
rs9283907,6,39026703,G,A,0.863043427467346,0.154707461595535,0.0598678290843964,Pancreas2,G,A,0.854663833367653,-0.0203563155077869,0.00878711400972262,0.0205295918471496
rs9283907,6,39026703,G,A,0.863043427467346,0.154707461595535,0.0598678290843964,Artery2,G,A,0.854663833367653,-0.0148559762925502,0.00759913658229601,0.0505946519642689
rs9283907,6,39026703,G,A,0.863043427467346,0.154707461595535,0.0598678290843964,Muscle2,G,A,0.854663833367653,-0.0136997572352504,0.00906713845728077,0.130815043591967
rs9283907,6,39026703,G,A,0.863043427467346,0.154707461595535,0.0598678290843964,glucose,G,A,0.854663833367653,-0.00234797786220789,0.0100610934540964,0.815473777189066
rs9283907,6,39026703,G,A,0.863043427467346,0.154707461595535,0.0598678290843964,Immune2,G,A,0.854663833367653,-0.0189674874044753,0.00828015620356025,0.0219845761172199
rs9283907,6,39026703,G,A,0.863043427467346,0.154707461595535,0.0598678290843964,pac,G,A,0.854663833367653,-0.00926763585872251,0.00625357241773002,0.138354249413914
rs9283907,6,39026703,G,A,0.863043427467346,0.154707461595535,0.0598678290843964,bmi,G,A,0.854663833367653,-0.00942135302918061,0.00947851683494025,0.320243427947368
rs9283907,6,39026703,G,A,0.863043427467346,0.154707461595535,0.0598678290843964,Brain2,G,A,0.854663833367653,-0.0102713455969076,0.00732868434848937,0.161063780966496
rs9283907,6,39026703,G,A,0.863043427467346,0.154707461595535,0.0598678290843964,Liver2,G,A,0.854663833367653,-0.0109667589129293,0.00849661388263936,0.196807231171939
rs9283907,6,39026703,G,A,0.863043427467346,0.154707461595535,0.0598678290843964,Skin2,G,A,0.854663833367653,-0.00810120396835397,0.00865371080417433,0.349199197413579
rs9283907,6,39026703,G,A,0.863043427467346,0.154707461595535,0.0598678290843964,Lung2,G,A,0.854663833367653,-0.0101742492367649,0.00887141711074086,0.251446894185309
rs9283907,6,39026703,G,A,0.863043427467346,0.154707461595535,0.0598678290843964,Salivary2,G,A,0.854663833367653,0.00964451064917563,0.00939602594410452,0.304687217554244
rs9283907,6,39026703,G,A,0.863043427467346,0.154707461595535,0.0598678290843964,Intestine2,G,A,0.854663833367653,-0.0112796051113786,0.00821760726792428,0.169879334582741
rs9283907,6,39026703,G,A,0.863043427467346,0.154707461595535,0.0598678290843964,Adrenal2,G,A,0.854663833367653,0.00195984714477002,0.00953537781428249,0.837155664978349
rs9283907,6,39026703,G,A,0.863043427467346,0.154707461595535,0.0598678290843964,Heart2,G,A,0.854663833367653,0.00200237987485512,0.00929790997891008,0.829489169618629
rs9283907,6,39026703,G,A,0.863043427467346,0.154707461595535,0.0598678290843964,Thyroid2,G,A,0.854663833367653,-0.023372211238095,0.00942297484343255,0.0131293363142033
rs9283907,6,39026703,G,A,0.863043427467346,0.154707461595535,0.0598678290843964,Stomach2,G,A,0.854663833367653,-0.00048802623183413,0.0090228422506274,0.956865411399857
rs9283907,6,39026703,G,A,0.863043427467346,0.154707461595535,0.0598678290843964,hba1c,G,A,0.854663833367653,-0.00129285853157231,0.00934422011150601,0.889957232841103
rs9283907,6,39026703,G,A,0.863043427467346,0.154707461595535,0.0598678290843964,Pituitary2,G,A,0.854663833367653,-0.00972655799958678,0.00906625314488936,0.28335284613471
